,ufos,duration_of_sighting,time_of_day
0,0,45.0,830
1,2,1200.0,500
2,1,15.0,800
3,4,20.0,1145
4,4,10.0,900
5,2,1800.0,900
6,4,20.0,700
7,1,45.0,730
8,1,20.0,930
9,9,1800.0,0
10,3,15.0,1200
11,10,900.0,1000
12,10,10.0,600
13,3,30.0,1000
14,10,10.0,1000
15,1,600.0,600
16,12,1800.0,1000
17,3,20.0,1500
18,3,1800.0,500
19,6,10.0,530
20,10,10.0,830
21,1,900.0,1150
22,11,600.0,1800
23,16,10.0,1030
24,3,45.0,1145
25,1,600.0,1815
26,6,1800.0,1930
27,3,2700.0,400
28,1,900.0,820
29,11,1800.0,1100
30,1,5400.0,1800
31,6,30.0,830
32,1,30.0,600
33,1,10.0,715
34,4,720.0,805
35,10,45.0,1100
36,4,20.0,1550
37,13,900.0,2030
38,10,1800.0,2100
39,1,30.0,2130
40,1,600.0,245
41,10,10.0,1100
42,6,10.0,1700
43,1,10.0,400
44,1,45.0,1600
45,1,1800.0,1630
46,1,1800.0,855
47,6,2100.0,943
48,5,10.0,1000
49,0,10.0,1000
50,14,900.0,1105
51,6,10.0,1650
52,4,2700.0,1800
53,1,15.0,600
54,16,10.0,700
55,5,600.0,800
56,2,15.0,930
57,10,1800.0,1000
58,13,15.0,730
59,10,10.0,845
60,1,15.0,1100
61,1,1800.0,900
62,2,600.0,930
63,1,45.0,615
64,3,30.0,730
65,3,15.0,800
66,9,900.0,900
67,5,15.0,740
68,1,900.0,800
69,1,30.0,815
70,4,1800.0,817
71,10,15.0,900
72,1,10.0,900
73,1,1200.0,1101
74,1,10.0,1700
75,13,600.0,510
76,17,10.0,720
77,5,20.0,830
78,0,2700.0,832
79,2,2700.0,917
80,2,1200.0,830
81,7,1800.0,930
82,1,3600.0,1159
83,10,15.0,2200
84,5,600.0,230
85,1,1800.0,1040
86,1,600.0,2110
87,1,1800.0,815
88,11,1800.0,815
89,1,0.25,835
90,1,1800.0,800
91,1,30.0,1415
92,10,15.0,1715
93,10,600.0,800
94,13,10.0,1040
95,1,1200.0,1540
96,10,720.0,1700
97,4,45.0,2300
98,10,10.0,400
99,1,90.0,645
100,1,30.0,700
101,2,30.0,700
102,3,30.0,745
103,4,600.0,900
104,2,1800.0,1740
105,15,10.0,2100
106,15,10.0,730
107,2,15.0,900
108,1,15.0,400
109,5,600.0,750
110,1,30.0,815
111,11,1800.0,730
112,1,15.0,830
113,4,1800.0,1030
114,4,600.0,1200
115,8,1200.0,2145
116,4,20.0,30
117,3,10.0,600
118,4,600.0,700
119,4,900.0,935
120,7,900.0,1120
121,3,5400.0,740
122,4,30.0,742
123,4,1800.0,910
124,1,12.0,730
125,6,600.0,842
126,3,1800.0,901
127,13,2700.0,1015
128,4,600.0,2105
129,4,10.0,435
130,18,10.0,720
131,4,3600.0,750
132,7,5400.0,900
133,6,15.0,1000
134,4,600.0,1100
135,2,600.0,900
136,5,30.0,700
137,10,1800.0,1000
138,6,3600.0,1030
139,1,10.0,1400
140,2,1800.0,100
141,10,600.0,800
142,4,20.0,1200
143,10,15.0,700
144,2,20.0,800
145,4,30.0,1100
146,8,15.0,1300
147,1,10.0,300
148,10,20.0,800
149,8,10.0,900
150,8,900.0,900
151,10,10.0,700
152,10,15.0,900
153,5,20.0,400
154,5,1800.0,1330
155,5,1200.0,800
156,6,10.0,900
157,5,40.0,800
158,1,1200.0,800
159,1,12.0,830
160,7,10.0,1300
161,1,2700.0,800
162,1,45.0,1300
163,7,600.0,1000
164,10,900.0,930
165,16,20.0,1015
166,11,15.0,500
167,3,15.0,830
168,17,5400.0,1330
169,5,20.0,530
170,1,5400.0,600
171,1,15.0,1400
172,7,20.0,800
173,17,900.0,113
174,5,20.0,500
175,1,10.0,900
176,2,10.0,630
177,1,1200.0,1000
178,10,10.0,1100
179,5,900.0,1300
180,3,1800.0,1300
181,15,10.0,1200
182,2,2400.0,1320
183,1,5.0,1500
184,1,1200.0,2000
185,1,15.0,700
186,13,30.0,1730
187,0,20.0,130
188,1,3600.0,900
189,3,15.0,902
190,17,1800.0,1230
191,10,900.0,1600
192,6,900.0,1005
193,6,600.0,1100
194,8,15.0,100
195,9,900.0,800
196,5,600.0,900
197,3,15.0,1115
198,5,15.0,700
199,5,600.0,835
200,0,1800.0,1000
201,2,30.0,1230
202,11,600.0,1735
203,1,600.0,1745
204,10,900.0,1400
205,14,10.0,400
206,3,40.0,1200
207,0,15.0,1253
208,10,10.0,1255
209,3,20.0,1300
210,1,10.0,1300
211,1,20.0,1300
212,3,20.0,1303
213,13,600.0,1310
214,10,3600.0,1310
215,2,10.0,1500
216,6,1800.0,1830
217,10,10.0,2130
218,5,900.0,700
219,5,17.0,758
220,1,15.0,805
221,1,900.0,808
222,1,20.0,830
223,11,1800.0,1030
224,1,900.0,1800
225,1,10.0,745
226,5,720.0,834
227,5,1200.0,900
228,5,10.0,915
229,2,600.0,935
230,4,1200.0,1000
231,4,900.0,1018
232,5,3600.0,1100
233,1,2700.0,1115
234,9,1800.0,1115
235,10,12.0,1115
236,3,600.0,1115
237,1,1800.0,1115
238,1,900.0,1117
239,1,900.0,1120
240,5,1800.0,1120
241,6,600.0,1120
242,4,600.0,1127
243,10,1200.0,1140
244,6,10.0,800
245,1,600.0,800
246,11,10.0,1200
247,11,1800.0,1820
248,4,15.0,2100
249,2,0.17,800
250,2,10.0,800
251,3,900.0,803
252,3,10.0,1030
253,3,1200.0,1045
254,1,1200.0,1200
255,1,600.0,1630
256,5,10.0,2000
257,1,1200.0,1100
258,11,30.0,2130
259,3,1800.0,900
260,4,1800.0,1100
261,6,10.0,1200
262,2,600.0,920
263,11,2700.0,943
264,1,3600.0,943
265,1,600.0,1000
266,1,3600.0,1130
267,6,1200.0,1141
268,2,2100.0,1157
269,8,600.0,1830
270,9,10.0,2100
271,2,45.0,2320
272,13,30.0,530
273,13,15.0,800
274,2,15.0,800
275,10,45.0,1030
276,8,90.0,1500
277,3,1800.0,1940
278,1,25.0,2142
279,9,30.0,720
280,3,45.0,800
281,2,20.0,930
282,5,15.0,1010
283,5,20.0,1045
284,10,1800.0,1100
285,2,10.0,1130
286,10,10.0,700
287,5,15.0,1300
288,11,1200.0,1730
289,1,1740.0,1730
290,2,1200.0,630
291,1,20.0,700
292,11,900.0,1100
293,4,10.0,515
294,11,10.0,800
295,11,5400.0,933
296,6,10.0,1000
297,3,1800.0,1015
298,10,1800.0,300
299,2,10.0,600
300,15,35.0,645
301,2,15.0,700
302,13,10.0,808
303,5,600.0,1108
304,0,10.0,2300
305,10,10.0,2300
306,0,10.0,349
307,5,10.0,600
308,5,10.0,730
309,10,1800.0,1145
310,7,1800.0,1400
311,10,25.0,1400
312,1,10.0,108
313,4,1320.0,1200
314,10,45.0,200
315,5,45.0,300
316,4,3000.0,827
317,1,1800.0,1315
318,9,1200.0,1405
319,10,10.0,1600
320,1,600.0,500
321,1,27.0,1323
322,8,600.0,1030
323,10,600.0,1220
324,2,900.0,1345
325,1,30.0,1730
326,9,3900.0,2015
327,0,10.0,720
328,1,55.0,1000
329,0,3000.0,2000
330,1,1800.0,2100
331,11,2700.0,1100
332,10,15.0,2300
333,3,15.0,830
334,1,1200.0,1800
335,0,10.0,1807
336,1,2700.0,700
337,10,1800.0,900
338,19,1800.0,740
339,1,20.0,800
340,3,15.0,900
341,2,20.0,230
342,10,2400.0,500
343,1,10.0,600
344,16,2700.0,700
345,13,3600.0,700
346,6,3600.0,700
347,10,10.0,800
348,11,15.0,800
349,1,10.0,830
350,2,10.0,845
351,3,600.0,905
352,5,2400.0,945
353,13,30.0,1000
354,2,900.0,1000
355,2,15.0,300
356,6,30.0,630
357,2,25.0,745
358,6,10.0,800
359,0,1800.0,800
360,5,15.0,800
361,5,20.0,840
362,1,10.0,900
363,2,2700.0,900
364,1,10.0,915
365,5,1800.0,945
366,2,900.0,1000
367,3,900.0,1000
368,11,0.17,1000
369,1,20.0,1005
370,1,15.0,1026
371,5,10.0,1030
372,2,1200.0,1100
373,15,10.0,1128
374,3,1.2,915
375,1,10.0,400
376,4,1800.0,300
377,1,10.0,747
378,2,20.0,1800
379,3,1500.0,2145
380,1,10.0,1000
381,1,3600.0,2000
382,2,10.0,645
383,8,10.0,700
384,15,1800.0,720
385,2,600.0,755
386,5,30.0,1300
387,5,20.0,1647
388,5,35.0,700
389,5,10.0,710
390,1,10.0,1000
391,2,15.0,500
392,2,600.0,712
393,1,5400.0,715
394,6,1800.0,800
395,10,15.0,900
396,1,2700.0,920
397,10,25.0,930
398,6,600.0,1100
399,3,10.0,514
400,1,600.0,1100
401,1,600.0,1100
402,11,600.0,1630
403,5,5400.0,640
404,1,20.0,710
405,1,900.0,930
406,1,900.0,1130
407,13,1800.0,1630
408,14,30.0,730
409,2,600.0,1425
410,6,780.0,530
411,5,15.0,630
412,1,600.0,1730
413,1,50.0,2120
414,11,10.0,200
415,10,600.0,1830
416,13,60.0,1645
417,1,10.0,230
418,2,600.0,630
419,11,720.0,830
420,2,20.0,900
421,1,25.0,1045
422,10,900.0,1045
423,16,600.0,1530
424,3,900.0,720
425,3,30.0,900
426,4,900.0,1026
427,2,30.0,1138
428,10,11.0,1400
429,7,15.0,1730
430,7,10.0,2200
431,10,15.0,238
432,4,600.0,700
433,1,720.0,800
434,4,15.0,822
435,1,25.0,826
436,6,40.0,830
437,3,15.0,830
438,7,15.0,1005
439,6,10.0,1030
440,4,40.0,1054
441,5,10.0,1100
442,7,10.0,1200
443,7,10.0,2250
444,2,20.0,612
445,7,10.0,700
446,4,30.0,700
447,1,10.0,730
448,6,1200.0,747
449,2,20.0,800
450,4,15.0,800
451,1,45.0,830
452,4,10.0,830
453,2,20.0,840
454,1,2700.0,915
455,7,1200.0,930
456,2,900.0,800
457,4,15.0,1900
458,10,30.0,805
459,2,600.0,755
460,4,1800.0,430
461,8,20.0,815
462,6,11.0,1010
463,3,15.0,1050
464,4,900.0,405
465,6,1800.0,630
466,4,600.0,1322
467,4,600.0,1400
468,2,1200.0,25
469,14,10.0,415
470,4,10.0,605
471,4,15.0,700
472,4,10.0,700
473,10,900.0,705
474,2,600.0,1015
475,7,15.0,2330
476,10,1800.0,900
477,6,900.0,924
478,1,0.17,1430
479,2,1800.0,850
480,10,10.0,1300
481,4,1800.0,1536
482,7,30.0,130
483,3,15.0,745
484,3,15.0,900
485,7,15.0,1630
486,1,10.0,300
487,5,600.0,400
488,5,900.0,914
489,1,900.0,925
490,10,600.0,1200
491,6,10.0,2200
492,1,10.0,445
493,0,600.0,500
494,2,10.0,2100
495,3,18.0,937
496,16,2700.0,1000
497,0,20.0,1815
498,1,5400.0,925
499,10,30.0,1430
500,4,30.0,1430
501,4,900.0,630
502,3,45.0,745
503,9,600.0,920
504,9,10.0,1130
505,10,15.0,50
506,2,15.0,445
507,2,1800.0,700
508,1,30.0,900
509,14,10.0,930
510,10,10.0,945
511,15,600.0,945
512,1,35.0,1000
513,14,900.0,1100
514,2,1200.0,1134
515,7,30.0,1340
516,6,10.0,400
517,1,1800.0,400
518,10,1800.0,400
519,2,15.0,700
520,10,15.0,730
521,13,15.0,730
522,3,20.0,815
523,10,15.0,830
524,2,2700.0,1100
525,1,40.0,800
526,1,20.0,800
527,4,15.0,900
528,2,30.0,1930
529,13,15.0,1800
530,5,1200.0,2200
531,7,30.0,700
532,1,10.0,600
533,1,30.0,1200
534,10,15.0,40
535,16,45.0,730
536,16,20.0,800
537,1,1200.0,1100
538,1,10.0,500
539,1,15.0,700
540,7,15.0,1100
541,11,600.0,730
542,13,10.0,900
543,1,25.0,600
544,3,600.0,700
545,1,10.0,730
546,2,25.0,735
547,17,10.0,900
548,6,10.0,1430
549,1,600.0,1500
550,2,0.17,1930
551,3,10.0,2100
552,11,20.0,800
553,1,900.0,1000
554,10,45.0,730
555,13,900.0,1900
556,17,15.0,700
557,1,10.0,800
558,0,25.0,1430
559,16,30.0,700
560,1,20.0,720
561,7,600.0,400
562,1,10.0,900
563,5,30.0,900
564,3,45.0,1300
565,1,30.0,1400
566,2,10.0,755
567,10,2100.0,800
568,1,15.0,1215
569,2,900.0,1030
570,11,900.0,2215
571,4,20.0,600
572,1,30.0,900
573,10,10.0,1030
574,5,15.0,600
575,13,1800.0,100
576,9,1800.0,200
577,4,30.0,700
578,0,1800.0,1000
579,6,480.0,1330
580,4,10.0,300
581,1,10.0,1000
582,4,900.0,1100
583,4,10.0,1245
584,10,1800.0,600
585,3,10.0,1300
586,4,1800.0,1900
587,9,10.0,640
588,7,2100.0,735
589,16,2700.0,815
590,11,10.0,845
591,1,900.0,1000
592,1,900.0,1330
593,16,30.0,800
594,2,15.0,900
595,1,3600.0,915
596,6,15.0,1000
597,2,600.0,1100
598,16,30.0,200
599,1,1200.0,630
600,6,10.0,830
601,6,1800.0,1100
602,1,1800.0,1100
603,1,2700.0,1300
604,1,1800.0,500
605,3,15.0,700
606,3,10.0,800
607,3,10.0,830
608,2,1800.0,1500
609,3,30.0,0
610,15,10.0,100
611,2,2700.0,200
612,6,600.0,430
613,6,1800.0,735
614,1,300.0,822
615,0,1800.0,1017
616,2,40.0,1030
617,3,20.0,1500
618,2,1800.0,1200
619,10,40.0,600
620,10,10.0,725
621,10,30.0,830
622,5,15.0,830
623,10,10.0,845
624,16,10.0,915
625,3,600.0,1100
626,5,20.0,1200
627,17,15.0,1200
628,13,0.42,1345
629,1,10.0,1715
630,2,15.0,200
631,1,15.0,805
632,2,900.0,912
633,2,600.0,945
634,1,10.0,1030
635,1,25.0,1600
636,19,20.0,925
637,15,20.0,1000
638,13,20.0,1000
639,1,900.0,1000
640,4,10.0,1100
641,14,600.0,1100
642,1,10.0,1100
643,1,20.0,2030
644,5,20.0,330
645,10,20.0,700
646,3,600.0,1400
647,4,60.0,1500
648,13,10.0,100
649,1,900.0,300
650,1,22.0,400
651,2,10.0,600
652,1,1800.0,800
653,1,10.0,900
654,11,30.0,930
655,3,900.0,1500
656,1,45.0,1945
657,2,600.0,0
658,1,30.0,337
659,9,1800.0,400
660,5,1800.0,440
661,10,900.0,630
662,1,600.0,718
663,1,1800.0,600
664,10,20.0,1100
665,10,15.0,1430
666,4,600.0,420
667,1,23.0,540
668,4,10.0,949
669,1,600.0,1000
670,4,30.0,1215
671,9,30.0,1300
672,3,90.0,1430
673,1,45.0,440
674,2,55.0,902
675,1,1800.0,1000
676,1,10.0,2115
677,3,30.0,245
678,4,600.0,400
679,1,1800.0,625
680,3,20.0,730
681,13,5400.0,735
682,13,1800.0,800
683,1,10.0,1030
684,3,20.0,1234
685,3,10.0,1330
686,1,2400.0,705
687,11,15.0,800
688,1,900.0,1000
689,13,1200.0,1015
690,0,10.0,22
691,7,1200.0,610
692,16,15.0,815
693,13,15.0,845
694,15,900.0,900
695,1,20.0,1015
696,2,900.0,1106
697,2,22.0,1445
698,8,15.0,600
699,11,600.0,1100
700,10,10.0,1100
701,4,30.0,1420
702,16,15.0,2045
703,15,1800.0,1630
704,2,31.0,905
705,5,15.0,905
706,0,1800.0,1115
707,1,10.0,0
708,2,900.0,225
709,5,600.0,730
710,5,15.0,800
711,3,2700.0,1719
712,5,25.0,800
713,10,600.0,1000
714,10,2400.0,1035
715,4,2700.0,1230
716,3,10.0,300
717,14,60.0,1000
718,5,1800.0,1030
719,10,600.0,1045
720,10,15.0,1830
721,3,30.0,2340
722,10,10.0,930
723,1,780.0,945
724,2,30.0,1400
725,1,15.0,1500
726,10,20.0,10
727,2,10.0,234
728,5,2700.0,711
729,5,1800.0,800
730,1,1800.0,830
731,5,900.0,840
732,1,1800.0,1000
733,9,900.0,1015
734,0,10.0,2040
735,7,10.0,705
736,2,10.0,715
737,3,10.0,730
738,6,3600.0,920
739,3,25.0,930
740,1,35.0,1100
741,1,15.0,1130
742,1,1200.0,2235
743,2,30.0,700
744,5,18.0,300
745,6,30.0,305
746,5,10.0,830
747,1,20.0,310
748,2,25.0,500
749,6,45.0,1345
750,1,900.0,1445
751,1,20.0,700
752,15,600.0,100
753,2,1800.0,400
754,11,45.0,600
755,3,50.0,1125
756,10,3600.0,930
757,1,10.0,1010
758,6,1200.0,307
759,10,1800.0,2130
760,2,15.0,547
761,3,900.0,915
762,1,900.0,930
763,15,1200.0,930
764,11,30.0,1100
765,13,5.0,1115
766,2,15.0,715
767,2,20.0,400
768,16,900.0,642
769,9,1200.0,735
770,5,600.0,858
771,5,600.0,945
772,3,900.0,1100
773,5,600.0,1300
774,5,15.0,1520
775,1,600.0,700
776,1,1500.0,810
777,1,25.0,845
778,3,10.0,1845
779,10,45.0,2017
780,1,15.0,900
781,13,15.0,935
782,10,20.0,1100
783,7,30.0,800
784,3,15.0,1300
785,18,600.0,400
786,10,15.0,1000
787,7,600.0,1201
788,1,15.0,1633
789,1,1800.0,800
790,1,600.0,825
791,10,600.0,845
792,1,15.0,1015
793,1,15.0,1030
794,11,15.0,845
795,10,1800.0,2315
796,1,20.0,930
797,10,15.0,930
798,10,900.0,930
799,6,10.0,1300
800,16,10.0,2000
801,1,30.0,800
802,6,10.0,1850
803,10,12.0,723
804,0,600.0,1100
805,3,10.0,745
806,1,600.0,900
807,5,900.0,1000
808,2,10.0,300
809,5,20.0,1115
810,2,10.0,600
811,7,30.0,1100
812,5,1800.0,1600
813,16,10.0,800
814,3,900.0,1700
815,4,600.0,1930
816,10,15.0,1515
817,11,15.0,1530
818,2,10.0,700
819,1,15.0,1300
820,6,0.17,1750
821,0,1200.0,1945
822,6,10.0,850
823,15,30.0,920
824,6,30.0,1000
825,6,1800.0,1145
826,16,1800.0,1200
827,4,10.0,2000
828,8,10.0,530
829,10,10.0,700
830,6,15.0,715
831,5,45.0,715
832,10,1800.0,719
833,10,10.0,730
834,1,1200.0,740
835,1,2700.0,745
836,6,1800.0,812
837,1,5400.0,815
838,10,10.0,930
839,2,15.0,1034
840,8,15.0,1034
841,1,2700.0,1035
842,2,15.0,1130
843,9,20.0,1930
844,1,600.0,1300
845,11,10.0,1400
846,3,30.0,945
847,4,10.0,1030
848,2,1500.0,805
849,1,900.0,845
850,2,600.0,400
851,15,900.0,930
852,13,10.0,1130
853,3,600.0,1400
854,10,45.0,600
855,1,20.0,900
856,10,3600.0,915
857,0,600.0,1810
858,17,10.0,740
859,15,70.0,1015
860,0,20.0,445
861,2,20.0,530
862,10,1500.0,1300
863,5,600.0,2140
864,17,10.0,200
865,3,10.0,635
866,3,2700.0,1030
867,2,25.0,1250
868,10,10.0,1330
869,7,1200.0,1341
870,2,15.0,100
871,6,10.0,700
872,2,900.0,805
873,1,900.0,815
874,5,30.0,830
875,14,10.0,900
876,10,10.0,645
877,3,600.0,837
878,6,600.0,1015
879,1,15.0,1400
880,10,900.0,835
881,2,10.0,900
882,5,10.0,940
883,1,45.0,1000
884,11,10.0,1125
885,1,20.0,1145
886,10,10.0,2245
887,2,10.0,2300
888,1,26.0,113
889,10,1200.0,140
890,1,15.0,630
891,4,10.0,705
892,4,600.0,730
893,1,1800.0,803
894,10,15.0,805
895,10,20.0,815
896,10,10.0,815
897,1,10.0,845
898,1,600.0,900
899,4,1800.0,900
900,1,30.0,930
901,5,3600.0,1000
902,9,600.0,1030
903,10,15.0,1100
904,16,45.0,1130
905,6,45.0,1730
906,2,45.0,900
907,1,1800.0,600
908,2,20.0,730
909,2,20.0,1130
910,3,45.0,730
911,1,10.0,1515
912,2,10.0,1200
913,5,15.0,930
914,13,30.0,630
915,6,10.0,830
916,3,15.0,1000
917,1,1500.0,1000
918,3,15.0,2318
919,6,15.0,620
920,5,1800.0,2045
921,1,10.0,700
922,10,1500.0,1025
923,0,1800.0,1100
924,4,600.0,820
925,1,10.0,900
926,5,1800.0,100
927,1,1500.0,715
928,8,2700.0,130
929,10,15.0,405
930,4,600.0,845
931,5,900.0,845
932,16,1200.0,845
933,10,600.0,845
934,1,900.0,850
935,10,2400.0,930
936,16,20.0,1300
937,2,900.0,1830
938,1,1800.0,30
939,5,2100.0,600
940,4,1800.0,815
941,1,1200.0,1334
942,1,1800.0,1615
943,10,1800.0,2125
944,3,900.0,900
945,5,45.0,1000
946,6,15.0,1100
947,2,1800.0,1545
948,10,600.0,1430
949,13,3000.0,200
950,3,15.0,800
951,1,10.0,900
952,10,5400.0,1030
953,0,900.0,1557
954,1,10.0,1700
955,8,15.0,630
956,16,10.0,715
957,3,900.0,830
958,1,900.0,830
959,11,600.0,1215
960,3,15.0,1220
961,4,600.0,900
962,2,13.0,1620
963,4,1500.0,605
964,10,720.0,700
965,10,1200.0,728
966,0,1200.0,830
967,1,15.0,1130
968,10,20.0,1930
969,1,1200.0,300
970,13,25.0,630
971,2,0.42,830
972,1,1800.0,930
973,2,5400.0,1230
974,5,31.0,1805
975,5,600.0,530
976,10,25.0,600
977,5,10.0,600
978,11,15.0,630
979,0,10.0,715
980,2,15.0,720
981,1,10.0,830
982,1,15.0,1015
983,17,30.0,1030
984,10,10.0,1035
985,0,20.0,1100
986,6,600.0,2010
987,2,45.0,200
988,16,12.0,620
989,3,30.0,655
990,1,1800.0,657
991,11,15.0,700
992,5,16.0,940
993,2,15.0,530
994,9,600.0,1120
995,1,30.0,900
996,1,30.0,930
997,1,10.0,930
998,3,600.0,830
999,1,10.0,1000
1000,17,35.0,1020
1001,5,20.0,645
1002,10,10.0,1330
1003,10,20.0,2355
1004,2,15.0,100
1005,9,15.0,800
1006,2,900.0,2130
1007,16,10.0,500
1008,1,2700.0,915
1009,4,900.0,1800
1010,7,30.0,1830
1011,2,20.0,1430
1012,1,30.0,1500
1013,6,1200.0,700
1014,2,1800.0,740
1015,1,15.0,845
1016,1,30.0,900
1017,3,600.0,900
1018,10,30.0,800
1019,3,1800.0,1910
1020,4,1800.0,810
1021,10,30.0,1445
1022,1,15.0,1520
1023,1,600.0,1600
1024,11,15.0,200
1025,1,1200.0,700
1026,10,600.0,800
1027,2,20.0,700
1028,3,15.0,1200
1029,4,600.0,1800
1030,6,15.0,2000
1031,2,15.0,2200
1032,1,3600.0,654
1033,10,10.0,700
1034,8,600.0,725
1035,17,15.0,730
1036,4,600.0,730
1037,1,1800.0,800
1038,10,600.0,900
1039,0,20.0,1000
1040,2,30.0,1047
1041,0,600.0,1330
1042,5,55.0,1400
1043,2,10.0,1520
1044,6,600.0,1540
1045,13,900.0,1600
1046,1,900.0,1730
1047,2,20.0,240
1048,1,1800.0,630
1049,10,10.0,723
1050,6,45.0,1000
1051,1,45.0,1000
1052,3,5400.0,1157
1053,5,600.0,1836
1054,8,15.0,651
1055,1,25.0,720
1056,5,1200.0,740
1057,13,15.0,745
1058,7,10.0,750
1059,10,1800.0,935
1060,11,15.0,1000
1061,1,15.0,1100
1062,2,15.0,930
1063,2,10.0,1030
1064,4,15.0,1200
1065,5,600.0,200
1066,7,900.0,0
1067,2,1200.0,708
1068,2,1380.0,1834
1069,4,900.0,1445
1070,6,3600.0,900
1071,1,600.0,1015
1072,1,10.0,1730
1073,16,1200.0,2230
1074,1,1800.0,30
1075,13,10.0,620
1076,7,0.25,1500
1077,1,0.25,2115
1078,1,0.25,1245
1079,1,600.0,1400
1080,10,900.0,1945
1081,10,10.0,500
1082,11,10.0,1045
1083,1,1800.0,1330
1084,2,10.0,1830
1085,2,900.0,930
1086,4,1800.0,1710
1087,1,20.0,1000
1088,0,25.0,1412
1089,3,1200.0,2100
1090,1,900.0,1000
1091,6,900.0,1055
1092,6,10.0,1650
1093,10,720.0,1343
1094,7,10.0,100
1095,10,10.0,100
1096,3,15.0,100
1097,16,10.0,120
1098,18,600.0,730
1099,1,600.0,829
1100,9,15.0,900
1101,10,10.0,915
1102,1,1800.0,1051
1103,6,600.0,1208
1104,3,10.0,2345
1105,13,10.0,215
1106,5,60.0,600
1107,3,900.0,750
1108,11,1800.0,800
1109,10,1200.0,810
1110,6,900.0,900
1111,1,10.0,955
1112,10,15.0,1000
1113,1,15.0,800
1114,1,7.0,1000
1115,1,20.0,800
1116,10,11.0,1116
1117,1,10.0,1200
1118,1,15.0,930
1119,1,1800.0,1440
1120,4,1200.0,640
1121,7,15.0,1630
1122,6,600.0,730
1123,3,1800.0,850
1124,2,10.0,1000
1125,17,15.0,815
1126,18,1800.0,1830
1127,1,30.0,200
1128,11,30.0,900
1129,1,30.0,1140
1130,4,2700.0,2000
1131,1,600.0,545
1132,2,13.0,642
1133,19,30.0,1400
1134,6,60.0,1810
1135,11,20.0,300
1136,4,10.0,835
1137,11,1800.0,400
1138,6,2400.0,1515
1139,13,20.0,930
1140,10,10.0,2000
1141,1,15.0,310
1142,1,1800.0,647
1143,7,10.0,930
1144,10,45.0,1515
1145,2,600.0,2022
1146,1,10.0,2120
1147,13,1200.0,800
1148,3,1800.0,915
1149,1,10.0,945
1150,13,2400.0,1020
1151,10,20.0,1100
1152,6,10.0,1500
1153,1,25.0,400
1154,11,1200.0,530
1155,1,15.0,630
1156,1,10.0,800
1157,15,30.0,1300
1158,5,1800.0,1800
1159,0,20.0,2115
1160,10,2400.0,635
1161,1,30.0,708
1162,2,600.0,800
1163,8,720.0,815
1164,1,30.0,822
1165,10,35.0,939
1166,6,10.0,1130
1167,16,600.0,1830
1168,10,1800.0,900
1169,5,10.0,1200
1170,5,15.0,815
1171,1,1200.0,900
1172,0,600.0,918
1173,6,600.0,940
1174,6,1800.0,1200
1175,1,1800.0,1500
1176,10,3600.0,900
1177,9,600.0,1050
1178,9,1200.0,1500
1179,10,1800.0,1720
1180,1,15.0,2130
1181,10,1200.0,2330
1182,1,900.0,2339
1183,13,40.0,200
1184,10,10.0,1300
1185,5,1500.0,300
1186,1,45.0,700
1187,1,20.0,905
1188,1,600.0,1000
1189,1,1200.0,1100
1190,4,1500.0,1200
1191,2,15.0,705
1192,5,600.0,1900
1193,1,900.0,2100
1194,2,600.0,421
1195,5,10.0,900
1196,1,10.0,1510
1197,10,15.0,2200
1198,3,20.0,700
1199,5,1800.0,705
1200,5,15.0,730
1201,1,600.0,1050
1202,11,30.0,1400
1203,2,45.0,2030
1204,8,10.0,630
1205,2,20.0,730
1206,10,1800.0,800
1207,5,900.0,1430
1208,4,5400.0,1728
1209,11,1800.0,1910
1210,6,720.0,600
1211,3,1500.0,728
1212,13,45.0,730
1213,13,30.0,730
1214,17,20.0,745
1215,2,15.0,800
1216,4,20.0,900
1217,1,15.0,930
1218,9,10.0,930
1219,3,2700.0,1010
1220,11,10.0,1000
1221,1,2700.0,500
1222,5,2400.0,1200
1223,4,600.0,1200
1224,2,30.0,500
1225,5,15.0,1000
1226,2,40.0,2300
1227,10,3600.0,315
1228,1,10.0,900
1229,13,600.0,1345
1230,1,2700.0,400
1231,6,60.0,730
1232,1,20.0,815
1233,1,10.0,921
1234,4,900.0,1000
1235,11,900.0,1130
1236,5,15.0,1825
1237,5,25.0,520
1238,1,10.0,800
1239,8,10.0,830
1240,4,15.0,1000
1241,6,840.0,1650
1242,16,1200.0,534
1243,1,600.0,538
1244,19,1800.0,955
1245,5,600.0,1035
1246,16,30.0,1812
1247,17,15.0,1815
1248,1,10.0,600
1249,10,30.0,935
1250,3,2700.0,1803
1251,1,10.0,753
1252,1,15.0,1000
1253,3,30.0,1020
1254,3,20.0,1120
1255,2,30.0,1300
1256,16,900.0,721
1257,15,600.0,730
1258,3,10.0,1030
1259,4,15.0,1200
1260,2,2100.0,2130
1261,3,30.0,2230
1262,1,90.0,414
1263,1,900.0,630
1264,5,25.0,800
1265,1,45.0,800
1266,1,20.0,830
1267,1,1800.0,830
1268,1,15.0,830
1269,4,30.0,830
1270,15,15.0,845
1271,1,900.0,900
1272,1,30.0,930
1273,3,720.0,1000
1274,4,10.0,1030
1275,2,1200.0,1910
1276,1,10.0,710
1277,7,45.0,715
1278,2,15.0,730
1279,4,1800.0,740
1280,10,45.0,745
1281,7,10.0,800
1282,1,600.0,815
1283,11,15.0,900
1284,5,600.0,900
1285,5,15.0,1030
1286,4,15.0,1100
1287,4,600.0,1130
1288,9,20.0,1800
1289,16,10.0,800
1290,2,10.0,400
1291,1,20.0,1300
1292,3,600.0,1330
1293,10,10.0,900
1294,1,10.0,1400
1295,10,2700.0,730
1296,6,900.0,18
1297,8,1800.0,730
1298,7,20.0,1105
1299,13,15.0,830
1300,4,45.0,830
1301,8,600.0,905
1302,17,900.0,230
1303,1,1800.0,1300
1304,5,900.0,624
1305,10,900.0,939
1306,2,15.0,1000
1307,2,1800.0,1200
1308,3,20.0,1230
1309,11,10.0,0
1310,5,600.0,700
1311,1,20.0,1400
1312,1,12.0,1200
1313,4,10.0,400
1314,8,600.0,715
1315,2,2700.0,1030
1316,1,600.0,1150
1317,5,1800.0,1450
1318,7,15.0,2000
1319,6,1080.0,200
1320,4,600.0,715
1321,3,3600.0,900
1322,1,3000.0,1005
1323,6,10.0,1030
1324,2,30.0,1300
1325,2,25.0,1327
1326,7,10.0,730
1327,1,15.0,730
1328,4,1800.0,800
1329,1,15.0,930
1330,9,600.0,1045
1331,5,2700.0,755
1332,9,15.0,1912
1333,10,40.0,1100
1334,4,900.0,1850
1335,3,12.0,415
1336,11,1800.0,530
1337,10,40.0,1000
1338,1,30.0,1100
1339,15,1800.0,2300
1340,3,1800.0,430
1341,3,900.0,1100
1342,16,45.0,2015
1343,9,30.0,2200
1344,10,10.0,730
1345,7,10.0,800
1346,0,30.0,800
1347,4,10.0,830
1348,2,45.0,830
1349,1,15.0,900
1350,10,10.0,940
1351,10,30.0,1015
1352,10,1800.0,1030
1353,10,10.0,1155
1354,6,25.0,1400
1355,10,900.0,950
1356,2,900.0,1200
1357,10,0.25,710
1358,13,900.0,730
1359,10,2700.0,148
1360,13,10.0,700
1361,17,40.0,845
1362,2,10.0,1000
1363,3,600.0,1030
1364,1,40.0,1330
1365,5,1200.0,1350
1366,1,10.0,930
1367,1,600.0,1200
1368,1,600.0,2200
1369,1,15.0,2145
1370,3,50.0,650
1371,4,15.0,800
1372,16,30.0,800
1373,2,1800.0,930
1374,2,25.0,1830
1375,4,2400.0,745
1376,4,30.0,1100
1377,10,600.0,1100
1378,8,1800.0,220
1379,3,1200.0,815
1380,1,20.0,1152
1381,1,1200.0,1727
1382,5,30.0,740
1383,5,600.0,930
1384,2,1200.0,1030
1385,2,20.0,1805
1386,1,20.0,1830
1387,14,900.0,900
1388,3,10.0,2030
1389,11,45.0,1200
1390,4,15.0,1600
1391,1,1200.0,1810
1392,1,1140.0,2201
1393,10,10.0,535
1394,10,1800.0,1500
1395,4,25.0,1955
1396,1,10.0,2145
1397,2,10.0,600
1398,4,20.0,650
1399,10,10.0,700
1400,10,10.0,700
1401,2,1800.0,900
1402,2,10.0,945
1403,11,900.0,1000
1404,10,30.0,1030
1405,1,900.0,900
1406,2,1800.0,730
1407,1,15.0,445
1408,11,1800.0,2230
1409,1,10.0,1200
1410,1,10.0,1830
1411,2,10.0,1830
1412,11,10.0,900
1413,1,10.0,1000
1414,1,10.0,1000
1415,1,600.0,1038
1416,1,10.0,500
1417,1,2400.0,1125
1418,1,30.0,830
1419,2,15.0,1740
1420,3,3600.0,500
1421,3,30.0,800
1422,10,600.0,1000
1423,5,600.0,1000
1424,1,900.0,1100
1425,1,1200.0,730
1426,1,30.0,800
1427,11,1800.0,730
1428,4,1800.0,1230
1429,5,30.0,900
1430,5,10.0,1800
1431,1,1200.0,530
1432,3,30.0,815
1433,10,20.0,900
1434,10,1800.0,1000
1435,5,20.0,1645
1436,3,20.0,930
1437,10,30.0,1800
1438,2,30.0,900
1439,2,10.0,900
1440,10,45.0,915
1441,6,3600.0,1000
1442,6,30.0,1626
1443,8,22.0,1905
1444,2,15.0,2014
1445,6,30.0,730
1446,13,25.0,800
1447,5,10.0,800
1448,1,15.0,830
1449,13,20.0,830
1450,2,1800.0,900
1451,11,30.0,830
1452,8,15.0,110
1453,3,45.0,1150
1454,5,900.0,1350
1455,1,20.0,555
1456,10,1800.0,2230
1457,11,45.0,900
1458,3,10.0,1200
1459,1,15.0,1228
1460,16,10.0,1230
1461,15,10.0,800
1462,1,600.0,1310
1463,8,1800.0,710
1464,2,3600.0,930
1465,2,15.0,1000
1466,6,5400.0,1400
1467,13,15.0,1800
1468,2,600.0,825
1469,5,600.0,900
1470,2,600.0,900
1471,5,900.0,933
1472,16,1800.0,950
1473,5,15.0,1100
1474,5,20.0,1300
1475,7,10.0,1400
1476,10,1800.0,2000
1477,13,15.0,2200
1478,10,20.0,800
1479,1,25.0,615
1480,1,30.0,800
1481,5,1200.0,1300
1482,3,1800.0,1526
1483,2,600.0,10
1484,1,20.0,405
1485,1,15.0,530
1486,7,15.0,555
1487,3,15.0,650
1488,3,1800.0,747
1489,6,13.0,820
1490,2,1800.0,1115
1491,10,20.0,1130
1492,1,20.0,730
1493,2,20.0,600
1494,1,25.0,725
1495,0,15.0,727
1496,10,1800.0,750
1497,3,1800.0,1200
1498,2,10.0,1200
1499,3,10.0,1240
1500,1,720.0,1246
1501,13,10.0,1430
1502,1,600.0,1800
1503,1,600.0,100
1504,16,1200.0,718
1505,10,1800.0,815
1506,2,600.0,900
1507,1,30.0,2200
1508,11,600.0,1107
1509,11,10.0,1206
1510,5,45.0,1820
1511,10,10.0,530
1512,1,25.0,630
1513,16,15.0,820
1514,2,20.0,830
1515,8,10.0,900
1516,2,20.0,900
1517,5,600.0,750
1518,5,900.0,330
1519,2,1800.0,800
1520,4,10.0,2100
1521,1,600.0,700
1522,16,900.0,1201
1523,5,20.0,645
1524,5,15.0,545
1525,2,600.0,1300
1526,6,10.0,530
1527,1,5400.0,800
1528,2,600.0,30
1529,1,30.0,800
1530,15,1800.0,1030
1531,5,1800.0,1815
1532,13,15.0,715
1533,1,45.0,815
1534,1,600.0,2030
1535,6,10.0,2200
1536,1,60.0,1630
1537,10,10.0,545
1538,7,1200.0,630
1539,2,1800.0,740
1540,1,30.0,920
1541,6,30.0,645
1542,5,10.0,745
1543,1,1800.0,911
1544,4,2700.0,900
1545,0,1800.0,915
1546,6,900.0,1315
1547,10,10.0,1330
1548,1,900.0,1605
1549,11,1200.0,1715
1550,1,15.0,2245
1551,17,600.0,620
1552,1,10.0,630
1553,10,10.0,700
1554,2,35.0,730
1555,2,900.0,911
1556,2,10.0,1045
1557,1,900.0,1200
1558,10,15.0,1214
1559,2,10.0,1430
1560,0,20.0,2000
1561,10,600.0,707
1562,5,25.0,800
1563,5,600.0,930
1564,11,1800.0,1000
1565,7,1800.0,1140
1566,0,900.0,1810
1567,11,1800.0,900
1568,7,90.0,1230
1569,10,1200.0,715
1570,10,10.0,800
1571,13,10.0,945
1572,5,10.0,1300
1573,2,10.0,900
1574,6,10.0,1500
1575,2,900.0,1600
1576,1,900.0,1600
1577,1,600.0,900
1578,10,20.0,1000
1579,1,20.0,650
1580,11,600.0,725
1581,15,3600.0,800
1582,1,0.2,600
1583,0,10.0,2230
1584,11,900.0,2115
1585,1,1800.0,445
1586,1,600.0,1600
1587,2,15.0,1910
1588,13,10.0,800
1589,5,15.0,900
1590,3,1200.0,1000
1591,3,1800.0,1600
1592,10,10.0,800
1593,11,15.0,1800
1594,1,30.0,700
1595,3,1800.0,715
1596,5,1500.0,728
1597,13,900.0,730
1598,18,1800.0,730
1599,2,45.0,800
1600,10,25.0,930
1601,6,25.0,710
1602,5,20.0,730
1603,5,600.0,1100
1604,1,15.0,2315
1605,10,10.0,500
1606,9,2700.0,515
1607,0,15.0,900
1608,3,1200.0,1800
1609,5,600.0,935
1610,1,12.0,1020
1611,5,0.25,1900
1612,6,20.0,1023
1613,1,2700.0,1135
1614,18,600.0,2200
1615,4,30.0,725
1616,19,600.0,800
1617,7,1800.0,802
1618,17,2700.0,900
1619,6,2700.0,905
1620,5,5400.0,915
1621,1,20.0,1200
1622,3,30.0,0
1623,7,10.0,500
1624,4,10.0,1000
1625,18,5400.0,1045
1626,10,90.0,1700
1627,3,600.0,1758
1628,4,1200.0,1758
1629,7,1200.0,1805
1630,7,15.0,725
1631,16,1500.0,858
1632,10,10.0,1000
1633,4,720.0,830
1634,10,20.0,1100
1635,1,10.0,600
1636,1,900.0,830
1637,2,15.0,630
1638,2,2700.0,1600
1639,1,1800.0,630
1640,7,1800.0,130
1641,1,600.0,700
1642,10,900.0,1000
1643,10,45.0,600
1644,1,15.0,900
1645,1,720.0,1200
1646,2,600.0,2200
1647,4,45.0,700
1648,8,1200.0,700
1649,11,2700.0,2130
1650,1,10.0,645
1651,1,30.0,700
1652,5,600.0,930
1653,6,1800.0,630
1654,1,3600.0,630
1655,2,660.0,645
1656,4,1200.0,700
1657,13,600.0,700
1658,1,45.0,715
1659,5,1200.0,730
1660,5,2100.0,2025
1661,1,1200.0,530
1662,1,15.0,800
1663,7,10.0,1840
1664,1,1800.0,900
1665,16,10.0,1400
1666,4,10.0,1500
1667,18,15.0,1500
1668,10,15.0,1540
1669,1,600.0,1930
1670,1,600.0,1200
1671,5,20.0,655
1672,15,15.0,700
1673,2,10.0,730
1674,1,25.0,730
1675,10,20.0,730
1676,10,35.0,730
1677,3,15.0,740
1678,10,30.0,740
1679,10,25.0,745
1680,6,15.0,745
1681,10,25.0,750
1682,2,30.0,750
1683,11,16.0,756
1684,1,20.0,800
1685,17,900.0,800
1686,8,15.0,800
1687,6,30.0,800
1688,18,30.0,800
1689,7,30.0,800
1690,11,15.0,800
1691,1,15.0,800
1692,0,30.0,800
1693,5,20.0,800
1694,6,10.0,800
1695,1,10.0,800
1696,2,600.0,800
1697,4,15.0,806
1698,1,10.0,813
1699,6,10.0,815
1700,10,10.0,815
1701,2,10.0,815
1702,4,15.0,815
1703,4,60.0,830
1704,16,20.0,830
1705,2,30.0,900
1706,3,10.0,900
1707,1,15.0,900
1708,10,20.0,900
1709,1,10.0,925
1710,1,30.0,930
1711,10,600.0,1000
1712,3,15.0,1000
1713,1,20.0,1000
1714,1,20.0,1100
1715,2,3600.0,1711
1716,1,600.0,200
1717,1,2700.0,700
1718,2,5400.0,740
1719,1,1200.0,800
1720,5,900.0,910
1721,1,1800.0,930
1722,6,5400.0,940
1723,1,60.0,2000
1724,18,30.0,2230
1725,16,1800.0,710
1726,10,600.0,720
1727,10,45.0,800
1728,10,600.0,955
1729,2,1800.0,1400
1730,4,1800.0,2125
1731,1,600.0,300
1732,7,10.0,750
1733,15,10.0,905
1734,3,900.0,950
1735,6,30.0,1000
1736,4,10.0,1040
1737,3,15.0,1125
1738,10,10.0,720
1739,8,10.0,735
1740,11,600.0,830
1741,11,15.0,500
1742,16,900.0,730
1743,11,10.0,830
1744,10,15.0,950
1745,1,1800.0,1015
1746,1,600.0,700
1747,10,3600.0,715
1748,1,2400.0,730
1749,1,1800.0,840
1750,17,10.0,710
1751,13,1500.0,742
1752,1,15.0,840
1753,10,900.0,1000
1754,3,1800.0,1015
1755,11,600.0,1025
1756,3,10.0,1100
1757,17,900.0,1300
1758,11,30.0,1828
1759,1,600.0,223
1760,10,1800.0,840
1761,13,600.0,900
1762,6,600.0,900
1763,3,600.0,903
1764,6,90.0,920
1765,6,2100.0,135
1766,5,1800.0,805
1767,7,30.0,900
1768,14,20.0,1300
1769,2,30.0,820
1770,3,600.0,1115
1771,3,600.0,933
1772,17,30.0,930
1773,6,1800.0,1800
1774,9,1800.0,1400
1775,4,15.0,830
1776,1,15.0,1925
1777,4,10.0,1930
1778,1,20.0,0
1779,1,2700.0,930
1780,1,15.0,1030
1781,1,45.0,1530
1782,1,10.0,700
1783,6,1800.0,943
1784,2,10.0,1125
1785,17,45.0,1145
1786,10,15.0,1000
1787,1,20.0,1000
1788,5,720.0,2230
1789,5,1080.0,930
1790,1,12.0,943
1791,5,1200.0,1000
1792,9,15.0,1720
1793,5,0.25,730
1794,1,1800.0,800
1795,5,10.0,1100
1796,5,20.0,1500
1797,15,900.0,1700
1798,2,20.0,515
1799,1,20.0,828
1800,8,20.0,930
1801,1,900.0,1025
1802,2,1500.0,1330
1803,15,0.17,1400
1804,15,600.0,1630
1805,1,15.0,1730
1806,1,30.0,740
1807,1,40.0,800
1808,4,1800.0,855
1809,4,900.0,900
1810,0,1800.0,1000
1811,3,1800.0,1000
1812,5,10.0,1100
1813,5,300.0,1642
1814,4,600.0,900
1815,8,900.0,233
1816,4,10.0,500
1817,16,10.0,1000
1818,2,1200.0,1047
1819,10,2400.0,30
1820,6,30.0,430
1821,7,600.0,800
1822,16,14.0,903
1823,5,600.0,1610
1824,1,600.0,705
1825,3,600.0,1300
1826,13,2700.0,610
1827,2,0.25,800
1828,2,10.0,800
1829,17,5400.0,1250
1830,3,15.0,1500
1831,2,20.0,605
1832,9,900.0,815
1833,9,5400.0,930
1834,5,600.0,940
1835,2,600.0,2250
1836,5,2400.0,630
1837,1,1800.0,700
1838,1,1800.0,730
1839,1,1800.0,1800
1840,1,900.0,645
1841,1,10.0,900
1842,2,600.0,910
1843,2,900.0,1135
1844,2,45.0,1600
1845,2,20.0,700
1846,4,10.0,1100
1847,6,15.0,2200
1848,10,3600.0,730
1849,1,35.0,845
1850,10,30.0,1154
1851,13,20.0,1845
1852,10,10.0,1930
1853,9,1800.0,400
1854,10,10.0,730
1855,3,1800.0,830
1856,10,20.0,845
1857,2,15.0,915
1858,7,10.0,1030
1859,8,15.0,1130
1860,1,25.0,2004
1861,5,10.0,100
1862,1,10.0,800
1863,0,10.0,800
1864,4,10.0,800
1865,8,20.0,810
1866,4,30.0,830
1867,10,25.0,950
1868,8,15.0,950
1869,2,15.0,950
1870,10,2280.0,1000
1871,1,10.0,1020
1872,3,600.0,1035
1873,3,20.0,1115
1874,1,10.0,445
1875,4,30.0,1400
1876,3,15.0,930
1877,1,1800.0,300
1878,1,1800.0,900
1879,4,15.0,1205
1880,10,600.0,745
1881,18,1800.0,1000
1882,4,15.0,130
1883,1,600.0,1100
1884,1,1200.0,1330
1885,0,1800.0,300
1886,11,15.0,430
1887,0,720.0,756
1888,13,10.0,1730
1889,5,600.0,2000
1890,10,15.0,615
1891,6,20.0,915
1892,1,10.0,135
1893,4,900.0,800
1894,10,600.0,810
1895,13,1200.0,812
1896,1,1200.0,1000
1897,2,600.0,1000
1898,5,2400.0,1000
1899,7,1800.0,1200
1900,2,900.0,2230
1901,6,1200.0,1000
1902,4,20.0,1100
1903,6,1200.0,2136
1904,4,0.25,730
1905,2,1800.0,1130
1906,1,2100.0,1145
1907,16,3000.0,2220
1908,0,20.0,900
1909,10,1200.0,1345
1910,3,2700.0,1000
1911,2,30.0,1500
1912,10,5400.0,2241
1913,3,15.0,1710
1914,10,1800.0,1800
1915,10,3600.0,100
1916,10,10.0,700
1917,10,3600.0,700
1918,16,1200.0,700
1919,5,20.0,1030
1920,5,10.0,2130
1921,5,2700.0,550
1922,10,10.0,640
1923,3,1800.0,645
1924,8,15.0,656
1925,6,15.0,720
1926,4,15.0,917
1927,1,10.0,950
1928,7,20.0,1030
1929,10,600.0,1128
1930,2,1800.0,1455
1931,1,15.0,1600
1932,10,15.0,1930
1933,7,1800.0,800
1934,7,20.0,814
1935,1,15.0,830
1936,7,15.0,845
1937,2,13.0,857
1938,2,30.0,900
1939,1,1380.0,915
1940,1,1800.0,930
1941,1,10.0,1030
1942,2,2700.0,945
1943,10,1200.0,100
1944,17,2100.0,1540
1945,15,15.0,300
1946,10,45.0,1000
1947,5,720.0,845
1948,10,600.0,732
1949,13,10.0,1110
1950,2,600.0,1545
1951,1,900.0,1000
1952,4,600.0,400
1953,7,1200.0,630
1954,2,45.0,1200
1955,1,2700.0,2345
1956,1,15.0,630
1957,0,600.0,235
1958,3,15.0,400
1959,1,10.0,800
1960,10,1800.0,830
1961,4,15.0,1730
1962,1,2700.0,930
1963,2,30.0,1400
1964,6,600.0,2100
1965,6,0.25,500
1966,0,900.0,1030
1967,3,1800.0,100
1968,5,30.0,630
1969,4,10.0,800
1970,0,1500.0,900
1971,2,10.0,930
1972,11,600.0,1010
1973,2,10.0,2300
1974,9,720.0,2310
1975,3,10.0,800
1976,10,10.0,910
1977,1,2280.0,1030
1978,1,30.0,1440
1979,10,20.0,600
1980,5,1800.0,815
1981,1,1500.0,856
1982,1,1800.0,1208
1983,3,1800.0,513
1984,1,20.0,545
1985,16,600.0,835
1986,9,5400.0,855
1987,1,30.0,900
1988,11,30.0,900
1989,10,0.25,1000
1990,7,20.0,1130
1991,3,45.0,1130
1992,14,5400.0,1240
1993,3,15.0,1915
1994,1,10.0,2015
1995,3,10.0,2245
1996,1,10.0,100
1997,6,10.0,730
1998,0,40.0,750
1999,2,15.0,830
2000,1,600.0,930
2001,10,600.0,940
2002,4,10.0,1000
2003,7,20.0,1010
2004,2,10.0,1130
2005,7,20.0,1130
2006,10,30.0,1130
2007,1,10.0,500
2008,10,25.0,535
2009,10,15.0,730
2010,10,10.0,800
2011,1,15.0,900
2012,8,40.0,750
2013,2,10.0,1100
2014,5,900.0,700
2015,5,600.0,1000
2016,1,20.0,1845
2017,6,600.0,1102
2018,5,1800.0,1445
2019,7,15.0,1000
2020,5,10.0,1030
2021,10,10.0,1130
2022,14,1500.0,1230
2023,10,1800.0,2200
2024,4,1800.0,2328
2025,5,600.0,830
2026,15,15.0,1820
2027,6,15.0,2200
2028,1,600.0,600
2029,5,1200.0,730
2030,5,1500.0,730
2031,1,1800.0,2330
2032,2,10.0,1000
2033,2,20.0,1415
2034,1,1200.0,2100
2035,5,10.0,800
2036,1,10.0,830
2037,2,45.0,1135
2038,4,38.0,1352
2039,5,15.0,1400
2040,5,96.0,402
2041,5,10.0,1015
2042,1,15.0,1530
2043,1,10.0,1630
2044,10,30.0,2135
2045,10,30.0,800
2046,13,20.0,900
2047,6,20.0,1803
2048,3,10.0,1930
2049,1,600.0,2311
2050,9,30.0,730
2051,3,10.0,800
2052,5,10.0,1000
2053,13,900.0,1300
2054,8,15.0,1715
2055,9,900.0,450
2056,2,1800.0,815
2057,3,40.0,940
2058,3,1800.0,1750
2059,1,20.0,1815
2060,14,1800.0,845
2061,4,1800.0,1013
2062,0,1800.0,1437
2063,6,20.0,15
2064,1,1800.0,900
2065,4,600.0,945
2066,16,30.0,1030
2067,5,15.0,1830
2068,1,1800.0,2330
2069,10,10.0,700
2070,5,28.0,728
2071,1,1800.0,820
2072,1,900.0,909
2073,10,600.0,912
2074,10,2700.0,1033
2075,1,10.0,930
2076,8,10.0,930
2077,10,16.0,1000
2078,7,720.0,1310
2079,1,15.0,445
2080,4,15.0,1030
2081,16,10.0,1030
2082,14,1800.0,1530
2083,6,10.0,500
2084,6,1500.0,705
2085,7,600.0,820
2086,1,600.0,1000
2087,1,43.0,1300
2088,10,15.0,600
2089,6,30.0,1030
2090,8,1800.0,100
2091,10,30.0,245
2092,1,15.0,330
2093,10,10.0,530
2094,10,600.0,800
2095,4,1200.0,745
2096,10,15.0,800
2097,2,3600.0,730
2098,10,36.0,952
2099,1,900.0,1000
2100,1,1800.0,1312
2101,10,10.0,1915
2102,3,10.0,930
2103,1,3000.0,1400
2104,5,10.0,1730
2105,1,19.0,737
2106,1,1800.0,905
2107,18,25.0,700
2108,1,25.0,700
2109,6,20.0,707
2110,11,10.0,753
2111,1,1800.0,900
2112,5,900.0,910
2113,10,10.0,915
2114,11,25.0,915
2115,2,1800.0,935
2116,10,10.0,1130
2117,3,10.0,700
2118,1,30.0,900
2119,5,3600.0,930
2120,1,1800.0,1400
2121,6,1800.0,1600
2122,2,1800.0,1915
2123,5,10.0,2013
2124,5,10.0,2320
2125,11,45.0,630
2126,2,60.0,714
2127,11,10.0,730
2128,5,25.0,800
2129,14,75.0,800
2130,1,45.0,830
2131,4,600.0,940
2132,2,20.0,1000
2133,5,30.0,1845
2134,1,1800.0,2000
2135,1,1800.0,0
2136,1,2460.0,749
2137,1,2460.0,749
2138,18,1800.0,330
2139,2,1740.0,1233
2140,11,1800.0,15
2141,1,3600.0,930
2142,7,1500.0,321
2143,1,900.0,1000
2144,5,10.0,1930
2145,10,10.0,235
2146,8,600.0,730
2147,4,2700.0,2045
2148,2,30.0,1000
2149,10,15.0,1030
2150,1,15.0,411
2151,4,480.0,808
2152,0,20.0,700
2153,7,600.0,840
2154,1,2700.0,1105
2155,1,600.0,1300
2156,11,900.0,1300
2157,6,1200.0,1615
2158,2,600.0,2236
2159,5,600.0,24
2160,10,600.0,100
2161,5,1800.0,500
2162,5,10.0,840
2163,2,600.0,918
2164,1,15.0,1315
2165,6,15.0,2200
2166,11,30.0,730
2167,3,1200.0,752
2168,11,15.0,830
2169,1,20.0,630
2170,1,1800.0,820
2171,10,10.0,1300
2172,8,1200.0,620
2173,3,28.0,642
2174,3,10.0,645
2175,3,28.0,742
2176,2,15.0,800
2177,3,10.0,800
2178,3,30.0,300
2179,5,20.0,430
2180,2,12.0,535
2181,15,300.0,1130
2182,1,10.0,1215
2183,19,15.0,1600
2184,0,30.0,1800
2185,2,15.0,200
2186,0,10.0,530
2187,2,10.0,700
2188,1,45.0,820
2189,2,900.0,840
2190,2,720.0,840
2191,10,900.0,907
2192,3,15.0,915
2193,1,15.0,915
2194,4,15.0,945
2195,2,20.0,1000
2196,2,10.0,1130
2197,11,20.0,1130
2198,16,1800.0,2300
2199,13,27.0,1010
2200,10,600.0,1230
2201,2,1200.0,900
2202,2,900.0,1000
2203,5,15.0,545
2204,1,600.0,930
2205,1,15.0,736
2206,2,900.0,1500
2207,10,30.0,630
2208,1,15.0,945
2209,6,10.0,1000
2210,5,2700.0,1750
2211,19,10.0,535
2212,5,1200.0,1715
2213,1,900.0,2215
2214,1,15.0,645
2215,1,1800.0,700
2216,3,35.0,1006
2217,1,1800.0,1300
2218,5,15.0,1600
2219,2,1800.0,535
2220,2,600.0,855
2221,14,10.0,900
2222,3,600.0,900
2223,2,15.0,1000
2224,1,57.0,1100
2225,6,10.0,1100
2226,6,600.0,1200
2227,3,20.0,1400
2228,8,15.0,700
2229,2,1800.0,1200
2230,5,20.0,1405
2231,10,10.0,2219
2232,6,15.0,430
2233,1,15.0,430
2234,4,600.0,500
2235,7,10.0,610
2236,7,1200.0,630
2237,6,1200.0,730
2238,4,600.0,1200
2239,13,600.0,515
2240,10,900.0,635
2241,10,5400.0,1530
2242,11,15.0,1715
2243,11,900.0,550
2244,8,10.0,625
2245,11,45.0,800
2246,11,30.0,1000
2247,11,15.0,1200
2248,5,20.0,1830
2249,5,15.0,430
2250,4,1200.0,826
2251,10,10.0,850
2252,10,5400.0,1058
2253,6,10.0,700
2254,9,30.0,800
2255,10,1200.0,700
2256,10,600.0,1100
2257,3,30.0,1130
2258,8,10.0,1145
2259,11,15.0,2338
2260,1,45.0,2235
2261,2,10.0,400
2262,1,10.0,244
2263,6,1800.0,300
2264,2,20.0,1300
2265,2,30.0,800
2266,2,1800.0,830
2267,2,10.0,1430
2268,7,1200.0,1930
2269,1,15.0,930
2270,4,15.0,1150
2271,2,15.0,1800
2272,10,10.0,2330
2273,16,1800.0,1100
2274,19,90.0,530
2275,1,15.0,600
2276,0,10.0,615
2277,2,10.0,630
2278,5,30.0,1000
2279,6,1800.0,1145
2280,1,2700.0,1700
2281,10,1800.0,2020
2282,3,600.0,1002
2283,1,1200.0,1115
2284,5,900.0,700
2285,7,30.0,1815
2286,2,25.0,2020
2287,2,1800.0,0
2288,4,30.0,300
2289,2,15.0,600
2290,3,5400.0,1500
2291,3,600.0,505
2292,4,5400.0,530
2293,4,10.0,900
2294,1,600.0,930
2295,4,12.0,1300
2296,0,1800.0,8
2297,2,1800.0,215
2298,1,10.0,600
2299,2,12.0,620
2300,6,50.0,630
2301,4,10.0,630
2302,2,20.0,630
2303,11,15.0,630
2304,5,10.0,700
2305,6,15.0,700
2306,4,10.0,720
2307,3,900.0,800
2308,10,15.0,800
2309,13,10.0,815
2310,2,10.0,825
2311,10,10.0,930
2312,4,1200.0,1120
2313,1,15.0,1255
2314,10,10.0,1756
2315,1,900.0,329
2316,6,35.0,500
2317,10,15.0,500
2318,4,5400.0,550
2319,6,3600.0,625
2320,10,600.0,715
2321,14,20.0,730
2322,8,900.0,730
2323,10,20.0,800
2324,10,2400.0,900
2325,1,2400.0,900
2326,5,20.0,900
2327,5,600.0,1000
2328,1,1800.0,1105
2329,3,1800.0,1400
2330,10,10.0,1100
2331,10,15.0,800
2332,2,10.0,600
2333,1,600.0,1200
2334,0,10.0,1100
2335,4,15.0,1020
2336,2,20.0,1730
2337,5,5400.0,745
2338,1,900.0,823
2339,16,10.0,450
2340,1,600.0,2245
2341,8,10.0,235
2342,11,25.0,505
2343,5,900.0,635
2344,10,2700.0,900
2345,1,15.0,200
2346,1,1800.0,525
2347,17,1800.0,700
2348,11,1200.0,900
2349,15,10.0,1300
2350,10,1800.0,954
2351,2,1800.0,1730
2352,1,12.0,640
2353,4,900.0,900
2354,9,10.0,1100
2355,1,600.0,1113
2356,9,600.0,1350
2357,10,900.0,700
2358,10,1200.0,900
2359,1,900.0,1000
2360,1,15.0,1115
2361,4,10.0,1200
2362,10,30.0,1500
2363,2,1800.0,805
2364,6,900.0,945
2365,3,900.0,410
2366,4,10.0,1300
2367,1,20.0,1040
2368,13,1200.0,2353
2369,1,900.0,800
2370,10,20.0,815
2371,10,1800.0,1115
2372,6,600.0,1640
2373,4,1800.0,220
2374,1,1800.0,350
2375,4,3600.0,730
2376,1,10.0,810
2377,10,1800.0,830
2378,13,30.0,830
2379,6,1800.0,900
2380,1,10.0,1000
2381,1,1200.0,1030
2382,5,1200.0,1050
2383,5,1200.0,1130
2384,7,15.0,345
2385,10,15.0,623
2386,11,16.0,645
2387,3,15.0,830
2388,10,30.0,952
2389,2,15.0,1030
2390,1,600.0,630
2391,3,20.0,700
2392,5,900.0,1000
2393,8,600.0,1900
2394,1,10.0,2000
2395,2,1800.0,730
2396,5,15.0,1500
2397,3,45.0,800
2398,5,10.0,800
2399,2,2700.0,1400
2400,3,1200.0,500
2401,3,600.0,800
2402,17,3600.0,900
2403,10,10.0,1200
2404,1,10.0,1600
2405,16,2700.0,900
2406,4,10.0,800
2407,7,1200.0,930
2408,2,10.0,1200
2409,2,20.0,1100
2410,5,10.0,1030
2411,5,30.0,1600
2412,2,1800.0,1030
2413,6,2400.0,700
2414,1,30.0,1330
2415,7,1800.0,935
2416,5,45.0,1000
2417,5,900.0,1100
2418,5,900.0,1210
2419,13,20.0,830
2420,1,600.0,1600
2421,11,10.0,550
2422,5,10.0,1200
2423,5,1800.0,1300
2424,5,10.0,1400
2425,5,1800.0,140
2426,5,20.0,1300
2427,13,600.0,1400
2428,5,600.0,1630
2429,11,10.0,100
2430,1,15.0,500
2431,2,40.0,700
2432,2,35.0,900
2433,5,20.0,900
2434,5,25.0,903
2435,4,20.0,915
2436,1,30.0,915
2437,7,15.0,915
2438,5,20.0,930
2439,14,10.0,1100
2440,11,10.0,1124
2441,3,900.0,1300
2442,9,1200.0,1715
2443,5,25.0,2200
2444,1,15.0,5
2445,8,15.0,500
2446,14,10.0,500
2447,15,10.0,600
2448,5,1200.0,700
2449,2,600.0,700
2450,17,20.0,800
2451,10,900.0,830
2452,10,2160.0,940
2453,11,600.0,945
2454,0,55.0,1130
2455,4,5400.0,1150
2456,1,10.0,1300
2457,1,10.0,2115
2458,2,900.0,2304
2459,1,1800.0,0
2460,10,1200.0,400
2461,4,900.0,730
2462,1,1800.0,900
2463,6,3600.0,900
2464,4,2400.0,1156
2465,11,10.0,1436
2466,4,40.0,1654
2467,16,1800.0,2340
2468,4,1200.0,400
2469,3,1200.0,510
2470,2,10.0,915
2471,1,600.0,1840
2472,4,1800.0,505
2473,5,10.0,508
2474,1,900.0,530
2475,2,1800.0,600
2476,10,600.0,600
2477,0,600.0,735
2478,1,1800.0,910
2479,1,600.0,1020
2480,13,900.0,1300
2481,11,600.0,1547
2482,4,10.0,1850
2483,1,10.0,57
2484,3,10.0,540
2485,1,900.0,730
2486,1,10.0,815
2487,1,3600.0,1019
2488,1,720.0,1230
2489,6,45.0,1300
2490,5,35.0,1400
2491,2,32.0,903
2492,5,15.0,915
2493,3,5400.0,1100
2494,1,30.0,1348
2495,7,15.0,500
2496,6,15.0,630
2497,7,1800.0,800
2498,5,15.0,830
2499,10,15.0,845
2500,2,10.0,900
2501,16,1800.0,925
2502,10,900.0,1340
2503,14,2700.0,1600
2504,10,1200.0,50
2505,3,10.0,920
2506,10,1800.0,1000
2507,1,1800.0,1220
2508,10,30.0,1445
2509,2,1800.0,1500
2510,0,600.0,1719
2511,1,1800.0,530
2512,1,900.0,610
2513,2,1500.0,731
2514,16,10.0,815
2515,13,0.17,848
2516,2,1200.0,1015
2517,1,900.0,1110
2518,10,20.0,1143
2519,2,20.0,2315
2520,6,10.0,520
2521,16,1200.0,612
2522,3,600.0,625
2523,10,600.0,630
2524,3,15.0,700
2525,4,3600.0,707
2526,10,1500.0,715
2527,1,10.0,720
2528,2,10.0,735
2529,6,25.0,820
2530,3,15.0,850
2531,15,30.0,930
2532,16,20.0,945
2533,10,10.0,1040
2534,10,10.0,1228
2535,2,5400.0,1400
2536,5,600.0,1930
2537,3,0.42,1930
2538,13,30.0,630
2539,1,43.0,711
2540,10,15.0,715
2541,2,1200.0,725
2542,1,10.0,730
2543,10,10.0,730
2544,2,1800.0,820
2545,10,25.0,830
2546,5,1800.0,900
2547,5,35.0,900
2548,5,600.0,900
2549,11,600.0,950
2550,1,20.0,1145
2551,3,1800.0,1500
2552,10,30.0,1600
2553,1,10.0,330
2554,1,12.0,400
2555,6,600.0,400
2556,3,600.0,515
2557,3,30.0,730
2558,2,600.0,905
2559,5,10.0,1040
2560,5,900.0,1200
2561,5,1800.0,930
2562,18,10.0,1120
2563,10,30.0,330
2564,1,900.0,945
2565,10,600.0,800
2566,10,15.0,1100
2567,9,1200.0,1005
2568,3,1200.0,315
2569,3,1800.0,800
2570,10,1800.0,900
2571,1,10.0,424
2572,3,30.0,830
2573,7,1200.0,2005
2574,3,20.0,2115
2575,10,600.0,2230
2576,2,900.0,730
2577,16,35.0,1009
2578,10,30.0,1500
2579,10,900.0,600
2580,17,20.0,745
2581,10,12.0,844
2582,6,10.0,1730
2583,18,900.0,2000
2584,4,600.0,2248
2585,10,10.0,330
2586,3,1800.0,430
2587,8,900.0,535
2588,10,1200.0,630
2589,1,10.0,2350
2590,2,2700.0,100
2591,15,10.0,600
2592,1,1800.0,800
2593,1,900.0,1045
2594,1,600.0,1300
2595,5,1800.0,1
2596,10,10.0,500
2597,4,1200.0,650
2598,5,1200.0,700
2599,1,600.0,800
2600,5,30.0,1000
2601,16,1200.0,1017
2602,11,10.0,1020
2603,10,10.0,1030
2604,2,1500.0,1448
2605,5,15.0,700
2606,2,10.0,730
2607,1,20.0,744
2608,6,30.0,800
2609,18,1800.0,850
2610,10,1200.0,900
2611,4,10.0,900
2612,5,30.0,915
2613,1,15.0,915
2614,3,1200.0,958
2615,10,1200.0,1045
2616,11,20.0,1345
2617,10,600.0,1430
2618,5,600.0,900
2619,10,10.0,1201
2620,11,15.0,715
2621,4,20.0,743
2622,9,15.0,900
2623,13,600.0,1320
2624,14,10.0,1845
2625,1,2700.0,1850
2626,10,20.0,930
2627,10,600.0,1230
2628,10,10.0,1315
2629,1,600.0,525
2630,1,1800.0,910
2631,11,10.0,955
2632,10,600.0,1120
2633,1,30.0,1820
2634,1,28.0,1901
2635,1,1200.0,640
2636,1,1800.0,1200
2637,15,10.0,1330
2638,1,1800.0,600
2639,9,10.0,650
2640,1,2400.0,800
2641,3,15.0,830
2642,11,600.0,1022
2643,10,1500.0,1459
2644,1,10.0,530
2645,1,15.0,720
2646,10,600.0,800
2647,1,10.0,1845
2648,1,600.0,815
2649,16,900.0,1115
2650,2,10.0,1310
2651,1,2700.0,530
2652,7,1800.0,945
2653,17,45.0,1225
2654,17,1080.0,1430
2655,5,3600.0,1800
2656,5,20.0,445
2657,0,10.0,630
2658,3,900.0,715
2659,2,1800.0,755
2660,1,1200.0,840
2661,5,900.0,1118
2662,10,15.0,1930
2663,7,15.0,530
2664,7,40.0,550
2665,5,49.0,600
2666,2,30.0,622
2667,2,1800.0,645
2668,1,600.0,730
2669,7,1800.0,800
2670,2,10.0,915
2671,2,600.0,925
2672,2,0.42,1200
2673,6,20.0,1000
2674,1,45.0,700
2675,7,10.0,730
2676,11,20.0,400
2677,4,35.0,635
2678,3,5400.0,730
2679,4,15.0,755
2680,4,10.0,900
2681,1,600.0,900
2682,15,1200.0,900
2683,3,600.0,900
2684,2,1800.0,900
2685,6,15.0,905
2686,1,600.0,910
2687,10,1200.0,911
2688,10,1800.0,911
2689,5,3600.0,915
2690,13,5400.0,915
2691,1,1800.0,930
2692,1,5400.0,1025
2693,10,14.0,524
2694,2,1800.0,915
2695,13,1800.0,920
2696,6,1500.0,1245
2697,1,34.0,1406
2698,1,20.0,1630
2699,10,40.0,300
2700,2,25.0,1005
2701,1,600.0,0
2702,1,15.0,0
2703,1,600.0,622
2704,1,10.0,1200
2705,1,600.0,0
2706,16,1200.0,600
2707,1,20.0,1115
2708,2,900.0,1816
2709,2,15.0,144
2710,11,0.17,851
2711,2,600.0,900
2712,3,10.0,915
2713,1,10.0,534
2714,18,15.0,817
2715,4,1800.0,830
2716,4,600.0,830
2717,17,1800.0,1628
2718,3,10.0,2040
2719,2,10.0,2200
2720,1,10.0,630
2721,1,30.0,630
2722,13,720.0,1150
2723,6,600.0,700
2724,3,600.0,836
2725,2,720.0,640
2726,1,1200.0,733
2727,15,15.0,308
2728,2,1800.0,545
2729,10,900.0,605
2730,11,3000.0,1553
2731,6,3000.0,353
2732,4,1800.0,530
2733,13,1800.0,530
2734,1,900.0,601
2735,10,2640.0,636
2736,1,14.0,750
2737,4,18.0,808
2738,2,10.0,810
2739,1,10.0,830
2740,10,900.0,915
2741,5,2700.0,1020
2742,1,600.0,500
2743,1,15.0,609
2744,6,1800.0,645
2745,1,10.0,700
2746,1,600.0,730
2747,11,1500.0,805
2748,1,900.0,810
2749,5,10.0,1000
2750,6,15.0,1000
2751,2,600.0,740
2752,2,2160.0,1130
2753,6,1200.0,530
2754,15,10.0,1100
2755,13,600.0,1200
2756,2,3600.0,900
2757,4,10.0,900
2758,5,1800.0,800
2759,7,1200.0,800
2760,5,2700.0,930
2761,2,20.0,1100
2762,1,10.0,1300
2763,10,1200.0,900
2764,10,600.0,930
2765,10,600.0,1000
2766,1,15.0,500
2767,5,15.0,1130
2768,11,45.0,2215
2769,3,600.0,600
2770,2,1800.0,1100
2771,10,10.0,1500
2772,2,2700.0,2200
2773,5,600.0,945
2774,2,900.0,730
2775,5,900.0,1000
2776,3,10.0,1100
2777,11,10.0,850
2778,2,30.0,1030
2779,13,25.0,1600
2780,6,1800.0,900
2781,3,10.0,1100
2782,5,2400.0,1330
2783,3,1200.0,1400
2784,2,10.0,1750
2785,2,15.0,800
2786,4,20.0,915
2787,6,600.0,600
2788,5,1800.0,900
2789,1,15.0,1731
2790,1,30.0,800
2791,1,30.0,800
2792,3,15.0,900
2793,5,10.0,910
2794,0,600.0,1000
2795,4,10.0,900
2796,13,10.0,930
2797,2,12.0,1400
2798,6,600.0,300
2799,10,1800.0,400
2800,1,1800.0,900
2801,1,600.0,900
2802,14,900.0,1000
2803,18,60.0,1100
2804,5,600.0,1325
2805,2,1200.0,800
2806,5,1200.0,815
2807,10,10.0,930
2808,5,15.0,1000
2809,5,0.17,1200
2810,5,900.0,1230
2811,3,30.0,1600
2812,2,600.0,1936
2813,6,10.0,530
2814,2,2700.0,1100
2815,2,600.0,1300
2816,2,1800.0,1100
2817,1,30.0,1100
2818,16,1200.0,1145
2819,2,600.0,2119
2820,16,720.0,900
2821,3,40.0,1030
2822,6,45.0,1130
2823,11,20.0,1500
2824,2,25.0,520
2825,5,25.0,620
2826,5,900.0,730
2827,14,1800.0,800
2828,8,10.0,1127
2829,2,30.0,600
2830,1,900.0,800
2831,2,1800.0,1000
2832,2,30.0,1300
2833,5,1500.0,2145
2834,10,20.0,105
2835,2,10.0,842
2836,3,1800.0,732
2837,4,10.0,745
2838,5,20.0,800
2839,5,15.0,800
2840,0,2100.0,1105
2841,5,15.0,1200
2842,13,25.0,1200
2843,10,1200.0,1745
2844,5,900.0,1800
2845,9,15.0,400
2846,9,1800.0,400
2847,10,1200.0,500
2848,6,1200.0,500
2849,5,600.0,515
2850,7,600.0,530
2851,10,10.0,545
2852,6,600.0,600
2853,5,15.0,653
2854,10,17.0,1030
2855,8,1200.0,501
2856,11,2700.0,930
2857,1,1800.0,1700
2858,16,1800.0,1915
2859,1,600.0,415
2860,1,1200.0,500
2861,11,10.0,530
2862,3,25.0,600
2863,5,2700.0,600
2864,5,25.0,600
2865,2,2700.0,600
2866,11,1800.0,600
2867,8,1800.0,600
2868,3,1800.0,604
2869,13,1500.0,605
2870,1,3600.0,605
2871,1,900.0,605
2872,1,900.0,605
2873,1,900.0,605
2874,14,900.0,605
2875,1,600.0,605
2876,3,1200.0,605
2877,1,900.0,608
2878,1,1800.0,620
2879,5,1800.0,630
2880,5,2700.0,640
2881,1,900.0,655
2882,2,900.0,655
2883,6,1800.0,700
2884,5,1200.0,700
2885,1,1800.0,700
2886,11,1200.0,700
2887,10,1800.0,700
2888,1,900.0,700
2889,0,600.0,700
2890,4,1800.0,700
2891,8,1800.0,700
2892,6,900.0,700
2893,10,720.0,700
2894,10,900.0,700
2895,3,1800.0,700
2896,2,1200.0,702
2897,1,900.0,702
2898,4,3600.0,703
2899,10,2040.0,704
2900,1,600.0,704
2901,9,1800.0,704
2902,19,600.0,705
2903,9,2700.0,705
2904,7,1800.0,705
2905,14,1200.0,705
2906,11,1080.0,705
2907,1,3600.0,705
2908,2,1800.0,705
2909,1,900.0,705
2910,17,600.0,705
2911,1,900.0,707
2912,4,3600.0,707
2913,4,600.0,708
2914,13,600.0,708
2915,1,1800.0,710
2916,5,1200.0,710
2917,10,2400.0,710
2918,1,600.0,710
2919,2,1200.0,710
2920,16,600.0,710
2921,10,1200.0,710
2922,2,900.0,710
2923,17,5400.0,712
2924,2,1800.0,715
2925,2,1500.0,715
2926,8,1800.0,800
2927,9,1200.0,800
2928,17,1800.0,835
2929,10,1800.0,900
2930,2,3600.0,930
2931,3,40.0,1030
2932,10,15.0,800
2933,5,600.0,130
2934,8,1800.0,423
2935,2,1200.0,1430
2936,8,1800.0,256
2937,5,20.0,430
2938,5,10.0,1830
2939,2,30.0,2330
2940,5,45.0,415
2941,5,30.0,900
2942,5,15.0,900
2943,1,40.0,1100
2944,4,2400.0,530
2945,1,3600.0,544
2946,4,10.0,600
2947,4,600.0,715
2948,10,10.0,550
2949,1,10.0,1000
2950,1,30.0,1200
2951,5,1200.0,2200
2952,2,30.0,2300
2953,11,1200.0,130
2954,10,30.0,645
2955,6,10.0,700
2956,10,1800.0,715
2957,4,600.0,545
2958,1,15.0,632
2959,17,10.0,1135
2960,11,600.0,1200
2961,4,30.0,700
2962,2,600.0,757
2963,13,600.0,758
